{
  "system": "UO2(H2O)4^2+",
  "n_atoms": 15,
  "n_frames": 303,
  "light_basis": "def2-SVP",
  "top_freqs_cm": [
    3823.3582566412147,
    3821.2367934215363,
    3821.2367436030895,
    3820.122120154225,
    3755.2793533317413,
    3744.8837295825965
  ],
  "wall_min": 397.4
}