{
  "nn_test_min": 0.39121517227850505,
  "nn_test_med": 0.5911081929288866,
  "nn_ood_min": 0.6979092542182695,
  "nn_ood_med": 0.8295967803533122,
  "intra_train_med": 0.5899542460825509,
  "n_train": 217,
  "n_test": 38,
  "n_ood": 48
}