{
  "solute": "CH4-UA",
  "T_K": 320.0,
  "P_bar": 150.0,
  "n_co2": 343,
  "rho_eos": 0.7268302170694848,
  "lambdas": [
    1.0,
    0.93,
    0.86,
    0.79,
    0.72,
    0.65,
    0.5800000000000001,
    0.51,
    0.44000000000000006,
    0.3700000000000001,
    0.3,
    0.27692307692307694,
    0.25384615384615383,
    0.23076923076923078,
    0.20769230769230768,
    0.18461538461538463,
    0.16153846153846155,
    0.13846153846153847,
    0.11538461538461539,
    0.09230769230769231,
    0.06923076923076923,
    0.046153846153846156,
    0.023076923076923106,
    0.0
  ],
  "dG_solv_kJ": -1.1549003543311074,
  "dG_err_kJ": 0.11930575270937964,
  "min_overlap_adjacent": 0.06245560488233756,
  "overlap_diag": [
    0.1070416055793083,
    0.10143941087335892,
    0.09570781294037116,
    0.08998443450584837,
    0.08444977620580993,
    0.07932911499140494,
    0.07490619798627217,
    0.07153635750153717,
    0.06956306088103945,
    0.06877649454088908,
    0.0675767435622565,
    0.06670191601277556,
    0.06556618435110555,
    0.06435634992144973,
    0.06351615028724675,
    0.06378141944513512,
    0.06597686277294876,
    0.07060016970500851,
    0.07752273937356852,
    0.08608509299230943,
    0.09542648217535192,
    0.10476413754251014,
    0.11351513864634902,
    0.12130763330641073
  ],
  "wall_s": 5118.5,
  "samples_per": 320
}