{"sa_median": 3.4524209186888504, "sa_min": 2.5086062729875067, "sa_max": 4.120513799917105}