{"C=C(C)N(CC)C(=O)COCC(=O)N(CC)CC": {"smiles": "C=C(C)N(CC)C(=O)COCC(=O)N(CC)CC", "vmin": -0.09513245027717332, "homo": -0.17792185687244055, "dipole": 7.554928859706108, "n_atoms": 42}, "C=C(COCC(=O)N(CC)CC)N(CC)CC": {"smiles": "C=C(COCC(=O)N(CC)CC)N(CC)CC", "vmin": -0.07180371281443954, "homo": -0.14755351353717483, "dipole": 3.763336270080358, "n_atoms": 43}, "C=CC(C)COP(=O)(OCC(C)C)OCC(C)C": {"smiles": "C=CC(C)COP(=O)(OCC(C)C)OCC(C)C", "vmin": -0.07525659172812738, "homo": -0.22818529862186404, "dipole": 3.019294325468278, "n_atoms": 45}, "C=CCN(CC)C(=O)COCC(=O)N(CC)CC": {"smiles": "C=CCN(CC)C(=O)COCC(=O)N(CC)CC", "vmin": -0.07744473651433026, "homo": -0.19237343365210124, "dipole": 6.4112103469042525, "n_atoms": 42}, "CC(C)CC(C)CP(=O)(O)CC(C)CC(C)(C)C": {"smiles": "CC(C)CC(C)CP(=O)(O)CC(C)CC(C)(C)C", "vmin": -0.07981298932281078, "homo": -0.2088606920537619, "dipole": 2.661122734349673, "n_atoms": 51}, "CC(C)CCOP(=O)(OCC(C)C)OCC(C)C": {"smiles": "CC(C)CCOP(=O)(OCC(C)C)OCC(C)C", "vmin": -0.07902749931389508, "homo": -0.22745318314127694, "dipole": 3.74751503232205, "n_atoms": 47}, "CC(C)CCP(=O)(OCC(C)C)OCC(C)C": {"smiles": "CC(C)CCP(=O)(OCC(C)C)OCC(C)C", "vmin": -0.08202492138178386, "homo": -0.22201408472025363, "dipole": 4.0700217046325475, "n_atoms": 46}, "CC(C)COP(=O)(OCC(C)C)OC(C)C(C)C": {"smiles": "CC(C)COP(=O)(OCC(C)C)OC(C)C(C)C", "vmin": -0.0751279713600077, "homo": -0.22750113322814158, "dipole": 3.283297475106922, "n_atoms": 47}, "CC(C)COP(=O)(OCC(C)C)OC(O)C(C)C": {"smiles": "CC(C)COP(=O)(OCC(C)C)OC(O)C(C)C", "vmin": -0.07227167588215266, "homo": -0.23628369076808, "dipole": 2.444410346958151, "n_atoms": 45}, "CC(C)COP(=O)(OCC(C)C)OCC(C)C": {"smiles": "CC(C)COP(=O)(OCC(C)C)OCC(C)C", "vmin": -0.07520037960764014, "homo": -0.22841691425982935, "dipole": 3.5158302756181903, "n_atoms": 44}, "CC(C)COP(=O)(OCC(C)C)OCC(C)CO": {"smiles": "CC(C)COP(=O)(OCC(C)C)OCC(C)CO", "vmin": -0.07544184090883022, "homo": -0.1912483371869822, "dipole": 4.777973406436551, "n_atoms": 45}, "CC(C)COP(=O)(OCC(C)C)OCC(C)O": {"smiles": "CC(C)COP(=O)(OCC(C)C)OCC(C)O", "vmin": -0.07189328617556967, "homo": -0.22102687260233989, "dipole": 2.5147397970552947, "n_atoms": 42}, "CC(C)COP(=O)(OCC(C)C)OOC(C)C": {"smiles": "CC(C)COP(=O)(OCC(C)C)OOC(C)C", "vmin": -0.06933114916531835, "homo": -0.2219414283426655, "dipole": 1.182048165452877, "n_atoms": 42}, "CC(C)COP(=O)(OCNC(C)C)OCC(C)C": {"smiles": "CC(C)COP(=O)(OCNC(C)C)OCC(C)C", "vmin": -0.07547177235909075, "homo": -0.20009106647301866, "dipole": 3.935413485509571, "n_atoms": 46}, "CC(C)CP(=O)(O)CC(C)CC(C)(C)C": {"smiles": "CC(C)CP(=O)(O)CC(C)CC(C)(C)C", "vmin": -0.08231142514392076, "homo": -0.20807535684291345, "dipole": 2.737770459381102, "n_atoms": 42}, "CC(CC(C)(C)C)CP(=O)(O)O": {"smiles": "CC(CC(C)(C)C)CP(=O)(O)O", "vmin": -0.07883683686608123, "homo": -0.21742884551288721, "dipole": 2.20731971064786, "n_atoms": 31}, "CC(N)=O": {"smiles": "CC(N)=O", "vmin": -0.07291995521438377, "homo": -0.1932400794509901, "dipole": 3.638428773000341, "n_atoms": 9}, "CCC(=O)COCC(=O)N(CC)CC": {"smiles": "CCC(=O)COCC(=O)N(CC)CC", "vmin": -0.09355392106428795, "homo": -0.19564136829418421, "dipole": 6.204806041995689, "n_atoms": 33}, "CCC(C)COP(=O)(OCC(C)C)OCC(C)C": {"smiles": "CCC(C)COP(=O)(OCC(C)C)OCC(C)C", "vmin": -0.07967888063238604, "homo": -0.22731307734411255, "dipole": 4.9826794418735485, "n_atoms": 47}, "CCC(C)CP(=O)(O)CC(C)CC(C)(C)C": {"smiles": "CCC(C)CP(=O)(O)CC(C)CC(C)(C)C", "vmin": -0.07852922604250523, "homo": -0.21042044816263683, "dipole": 2.4974077221704083, "n_atoms": 45}, "CCC(CC)C(=O)COCC(=O)N(CC)CC": {"smiles": "CCC(CC)C(=O)COCC(=O)N(CC)CC", "vmin": -0.060304412809507824, "homo": -0.18119117453692368, "dipole": 2.116960933571937, "n_atoms": 42}, "CCCC(C)CP(=O)(O)CC(C)CC(C)(C)C": {"smiles": "CCCC(C)CP(=O)(O)CC(C)CC(C)(C)C", "vmin": -0.07779454772648364, "homo": -0.21128486368408472, "dipole": 2.6168320829370204, "n_atoms": 48}, "CCCCC(=O)N(CC)CC": {"smiles": "CCCCC(=O)N(CC)CC", "vmin": -0.06980596624720725, "homo": -0.19359651394294408, "dipole": 3.3443691401175095, "n_atoms": 30}, "CCCCC(CC)COC": {"smiles": "CCCCC(CC)COC", "vmin": -0.05221750161772931, "homo": -0.20176453046599008, "dipole": 1.1417755898276516, "n_atoms": 30}, "CCCCC(CC)CP(=O)(O)OCC(CC)CC": {"smiles": "CCCCC(CC)CP(=O)(O)OCC(CC)CC", "vmin": -0.08252078365331883, "homo": -0.22249354992868797, "dipole": 3.643629210855001, "n_atoms": 49}, "CCCCCCCCN(C)CCCC": {"smiles": "CCCCCCCCN(C)CCCC", "vmin": -0.0643631522535415, "homo": -0.15724527975619873, "dipole": 0.5351610478795775, "n_atoms": 43}, "CCCCCOP(=O)(OCCCC)OCCCC": {"smiles": "CCCCCOP(=O)(OCCCC)OCCCC", "vmin": -0.07944694949130948, "homo": -0.22661327586066093, "dipole": 3.595324928121087, "n_atoms": 47}, "CCCCCP(=O)(OCCCC)OCCCC": {"smiles": "CCCCCP(=O)(OCCCC)OCCCC", "vmin": -0.07735532881963536, "homo": -0.22242855539156783, "dipole": 2.2829244713157455, "n_atoms": 46}, "CCCCN(C)C(=O)CC(C)(C)C": {"smiles": "CCCCN(C)C(=O)CC(C)(C)C", "vmin": -0.0713285630901801, "homo": -0.18800585537295555, "dipole": 3.1739967956172497, "n_atoms": 36}, "CCCCN(C)C(C)=O": {"smiles": "CCCCN(C)C(C)=O", "vmin": -0.07462863394703412, "homo": -0.18753345680986477, "dipole": 3.8396712984400994, "n_atoms": 24}, "CCCCNOP(=O)(OCCCC)OCCCC": {"smiles": "CCCCNOP(=O)(OCCCC)OCCCC", "vmin": -0.0829756459501283, "homo": -0.19392937822204237, "dipole": 2.285412424676403, "n_atoms": 46}, "CCCCOC": {"smiles": "CCCCOC", "vmin": -0.05875839326034438, "homo": -0.2021162496294191, "dipole": 1.1410932890170278, "n_atoms": 18}, "CCCCOCCC": {"smiles": "CCCCOCCC", "vmin": -0.054924545561988225, "homo": -0.19881552713712614, "dipole": 1.1411150009687734, "n_atoms": 24}, "CCCCOCP(=O)(OCCCC)OCCCC": {"smiles": "CCCCOCP(=O)(OCCCC)OCCCC", "vmin": -0.08623511624356794, "homo": -0.2164299441950548, "dipole": 4.998339887617552, "n_atoms": 47}, "CCCCOP(=O)(CC(=O)O)OCCCC": {"smiles": "CCCCOP(=O)(CC(=O)O)OCCCC", "vmin": -0.08106498919475769, "homo": -0.22626655136299512, "dipole": 3.3355157384111296, "n_atoms": 37}, "CCCCOP(=O)(OCCC)OCCCC": {"smiles": "CCCCOP(=O)(OCCC)OCCCC", "vmin": -0.0758942972445169, "homo": -0.231799975297033, "dipole": 3.519903845020032, "n_atoms": 41}, "CCCCOP(=O)(OCCCC)OC(N)CCC": {"smiles": "CCCCOP(=O)(OCCCC)OC(N)CCC", "vmin": -0.09001623791088775, "homo": -0.18780465574574645, "dipole": 4.2676815149520895, "n_atoms": 46}, "CCCCOP(=O)(OCCCC)OCC(C)C": {"smiles": "CCCCOP(=O)(OCCCC)OCC(C)C", "vmin": -0.07444914058992325, "homo": -0.2286059228596565, "dipole": 1.6782416522069308, "n_atoms": 44}, "CCCCOP(=O)(OCCCC)OCC(O)CC": {"smiles": "CCCCOP(=O)(OCCCC)OCC(O)CC", "vmin": -0.07790742718643884, "homo": -0.21697454362117163, "dipole": 4.437254408928932, "n_atoms": 45}, "CCCCOP(=O)(OCCCC)OCCC(C)F": {"smiles": "CCCCOP(=O)(OCCCC)OCCC(C)F", "vmin": -0.07202232685143173, "homo": -0.22879891055027723, "dipole": 2.2017586094517583, "n_atoms": 44}, "CCCCOP(=O)(OCCCC)OCCC(C)O": {"smiles": "CCCCOP(=O)(OCCCC)OCCC(C)O", "vmin": -0.08072577540755077, "homo": -0.22187727656592754, "dipole": 4.756626694408038, "n_atoms": 45}, "CCCCOP(=O)(OCCCC)OCCCC": {"smiles": "CCCCOP(=O)(OCCCC)OCCCC", "vmin": -0.0733561169243373, "homo": -0.229823000520732, "dipole": 2.0615615869327844, "n_atoms": 44}, "CCCCOP(=O)(OCCCC)OCCCOC": {"smiles": "CCCCOP(=O)(OCCCC)OCCCOC", "vmin": -0.07552154709095404, "homo": -0.20906322328017168, "dipole": 3.422140511368306, "n_atoms": 45}, "CCCCOP(=O)(OCCCC)OCCOCC": {"smiles": "CCCCOP(=O)(OCCCC)OCCOCC", "vmin": -0.07431661547146362, "homo": -0.2046624656422864, "dipole": 2.8784616663602955, "n_atoms": 45}, "CCCCOP(=O)(OCCCC)ONCCC": {"smiles": "CCCCOP(=O)(OCCCC)ONCCC", "vmin": -0.07234974686944184, "homo": -0.19927953818306943, "dipole": 2.620494413932639, "n_atoms": 43}, "CCCCO[PH](O)(OCCCC)OCCCC": {"smiles": "CCCCO[PH](O)(OCCCC)OCCCC", "vmin": -0.09227810938173775, "homo": -0.13066015874566833, "dipole": 4.328797066785925, "n_atoms": 46}, "CCCCP(=O)(O)CC(C)CC(C)(C)C": {"smiles": "CCCCP(=O)(O)CC(C)CC(C)(C)C",