{
  "contracted": {
    "r_x2c": 1.68510015398454,
    "r_nonrel": 1.6339769330659382,
    "contraction_pm": -5.112322091860189
  },
  "decontracted": {
    "r_x2c": 1.685141240192197,
    "r_nonrel": 1.6346400041161648,
    "contraction_pm": -5.0501236076032185
  }
}