{
  "x2c": {
    "r_min": 1.685043752290155,
    "e_min": -28150.592631839012,
    "rs": [
      1.66,
      1.68,
      1.7,
      1.72,
      1.74,
      1.76,
      1.78,
      1.8,
      1.82,
      1.84,
      1.86,
      1.8800000000000001,
      1.9000000000000001
    ],
    "es": [
      -28150.591089579364,
      -28150.592631839012,
      -28150.592072110867,
      -28150.589630899747,
      -28150.58550584324,
      -28150.579874904703,
      -28150.572898986593,
      -28150.564723456162,
      -28150.555479816823,
      -28150.54528779768,
      -28150.53425694423,
      -28150.522487254548,
      -28150.510069952823
    ]
  },
  "nonrel": {
    "r_min": 1.63396635486238,
    "e_min": -25787.25367889678,
    "rs": [
      1.66,
      1.68,
      1.7,
      1.72,
      1.74,
      1.76,
      1.78,
      1.8,
      1.82,
      1.84,
      1.86,
      1.8800000000000001,
      1.9000000000000001
    ],
    "es": [
      -25787.25367889678,
      -25787.25056358071,
      -25787.245719149494,
      -25787.23937354495,
      -25787.23172990917,
      -25787.222969528837,
      -25787.213254408973,
      -25787.202728727585,
      -25787.191520444834,
      -25787.179743440676,
      -25787.167499326748,
      -25787.154878283734,
      -25787.141960003897
    ]
  },
  "contraction_A": -0.05107739742777495
}