{
  "t1_diagnostic": 0.03108879093390438,
  "n_corr_occ": 10,
  "frozen": 43,
  "e_ccsd": -28142.757750070017
}